CREATE DATABASE SAMPLEE13;
USE SAMPLEE13;

CREATE TABLE DEPT1(
	DEPT_ID INT PRIMARY KEY,
    DEPT_NAME VARCHAR(20) NOT NULL
);
INSERT INTO DEPT1 VALUES (101,"HR"),(102,"IT"),(103,"FINANCE");
SELECT * FROM DEPT1;

CREATE TABLE EMP1(
	EMP_ID INT PRIMARY KEY,
    EMP_NAME VARCHAR(20) NOT NULL,
    EMP_DEPT_ID INT
);
INSERT INTO EMP1 VALUES (1001,"E1",101);
SELECT * FROM EMP1;
INSERT INTO EMP1 VALUES (1002,"E2",102);
SELECT * FROM EMP1;
INSERT INTO EMP1 VALUES (1003,"E3",102);
SELECT * FROM EMP1;
INSERT INTO EMP1 VALUES (1004,"E4",107);
SELECT * FROM EMP1;
INSERT INTO EMP1 VALUES (1001,"E1",101);
SELECT * FROM EMP1;


CREATE TABLE EMP2(
	EMP_ID INT PRIMARY KEY,
    EMP_NAME VARCHAR(20) NOT NULL,
    EMP_DEPT_ID INT,
    FOREIGN KEY (EMP_DEPT_ID) REFERENCES DEPT1(DEPT_ID)
);
INSERT INTO EMP2 VALUES (1001,"E1",101);
SELECT * FROM EMP2;
INSERT INTO EMP2 VALUES (1002,"E2",102);
SELECT * FROM EMP2;
INSERT INTO EMP2 VALUES (1003,"E3",102);
SELECT * FROM EMP2;
INSERT INTO EMP2 VALUES (1004,"E4",107);
SELECT * FROM EMP2;


CREATE TABLE STUDENTS(
	STUDENT_ID INT PRIMARY KEY,
    STUDENT_NAME VARCHAR(20) NOT NULL,
    EMAIL VARCHAR(20) NOT NULL
);
INSERT INTO STUDENTS VALUES (101,"S1","S1@GMAIL.COM");
INSERT INTO STUDENTS VALUES (102,"S2","S2@GMAIL.COM");
INSERT INTO STUDENTS VALUES (103,"S3","S3@GMAIL.COM");
SELECT * FROM STUDENTS;

CREATE TABLE ENROLLMENTS(
	ENROLLMENT_ID INT PRIMARY KEY,
    STUDENT_ID INT,
    COURSE_NAME VARCHAR(20) NOT NULL,
    FOREIGN KEY (STUDENT_ID) REFERENCES STUDENTS(STUDENT_ID)
);
INSERT INTO ENROLLMENTS VALUES (1001,101,"C1");
INSERT INTO ENROLLMENTS VALUES (1002,102,"C2");
INSERT INTO ENROLLMENTS VALUES (1005,105,"C5");
SELECT * FROM ENROLLMENTS; 


CREATE TABLE DEPARTMENTS(
	DEPT_ID INT PRIMARY KEY,
    DEPT_NAME VARCHAR(20) NOT NULL
);

INSERT INTO DEPARTMENTS VALUES (101,"IT");
INSERT INTO DEPARTMENTS VALUES (102,"HR");

CREATE TABLE EMPLOYEES(
	EMP_ID INT PRIMARY KEY,
    EMP_NAME VARCHAR(20) NOT NULL,
    DEPT_ID INT,
    FOREIGN KEY (DEPT_ID) REFERENCES DEPARTMENTS(DEPT_ID)
);
INSERT INTO EMPLOYEES VALUES (1,"E1",101);
SELECT * FROM EMPLOYEES;
INSERT INTO EMPLOYEES VALUES (2,"E2",102);
SELECT * FROM EMPLOYEES;
INSERT INTO EMPLOYEES VALUES (3,"E3",103);
SELECT * FROM EMPLOYEES;
 
CREATE TABLE AUTHORS(
	AUTHOR_ID INT PRIMARY KEY,
    AUTHOR_NAME VARCHAR(20) NOT NULL
);
INSERT INTO AUTHORS VALUES (101,"A1"),(102,"A2");
SELECT * FROM AUTHORS;

CREATE TABLE BOOKS(
	BOOK_ID INT PRIMARY KEY,
    TITLE VARCHAR(20) NOT NULL,
    AUTHOR_ID INT,
    FOREIGN KEY (AUTHOR_ID) REFERENCES AUTHORS(AUTHOR_ID)
);
INSERT INTO BOOKS VALUES (1,"B1",101);
SELECT * FROM BOOKS;
INSERT INTO BOOKS VALUES (2,"B2",102);
SELECT * FROM BOOKS;
INSERT INTO BOOKS VALUES (3,"B3",103);
SELECT * FROM BOOKS;
