CREATE DATABASE SAMPLEEE13;
USE SAMPLEEE13;

CREATE TABLE USERS(
	USER_ID INT PRIMARY KEY,
    USER_NAME VARCHAR(20) NOT NULL
);
INSERT INTO USERS VALUES (101,"U1"),(102,"U2");
SELECT * FROM USERS;

CREATE TABLE USER_BIO1(
	ID INT PRIMARY KEY,
    USER_ID INT UNIQUE,
    USER_BIO VARCHAR(20),
    FOREIGN KEY (USER_ID) REFERENCES USERS(USER_ID)
);
INSERT INTO USER_BIO1 VALUES
(1,101,"BIO1");
INSERT INTO USER_BIO1 VALUES
(2,102,"BIO2");
SELECT * FROM USER_BIO1;
INSERT INTO USER_BIO1 VALUES
(3,101,"BIO2");



CREATE TABLE CATEGORY(
	CATEGORY_ID INT PRIMARY KEY,
    CATEGORY_NAME VARCHAR(20) NOT NULL
);
INSERT INTO CATEGORY VALUES (1,"ELECTRONICS"),(2,"FURNITURE");
SELECT * FROM CATEGORY;


CREATE TABLE PRODUCTS(
	PID INT PRIMARY KEY,
    PRODUCT_NAME VARCHAR(20) NOT NULL,
    PRICE INT NOT NULL DEFAULT 100,
    CID INT NOT NULL,
    FOREIGN KEY (CID) REFERENCES CATEGORY(CATEGORY_ID)
);
INSERT INTO PRODUCTS VALUES (101,"TV",30000,1);
SELECT * FROM PRODUCTS;
INSERT INTO PRODUCTS VALUES (102,"CHAIR",10000,2);
SELECT * FROM PRODUCTS;
INSERT INTO PRODUCTS VALUES (103,"AC",30000,1);
SELECT * FROM PRODUCTS;
INSERT INTO PRODUCTS VALUES (104,"CAR",3000000,3);
SELECT * FROM PRODUCTS;


CREATE TABLE STUDENTS(
	STUDENT_ID INT PRIMARY KEY,
    STUDENT_NAME VARCHAR(20) NOT NULL
);
INSERT INTO STUDENTS VALUES 
(101,"S1"),
(102,"S2"),
(103,"S3");
SELECT * FROM STUDENTS;

CREATE TABLE COURSES(
	COURSE_ID INT PRIMARY KEY,
    COURSE_NAME VARCHAR(10) NOT NULL
);
INSERT INTO COURSES VALUES
(1,"CSE"),
(2,"ECE");

CREATE TABLE OPTED(
	STUDENT_ID INT NOT NULL,
    COURSE_ID INT NOT NULL,
    FOREIGN KEY (STUDENT_ID) REFERENCES STUDENTS(STUDENT_ID),
    FOREIGN KEY (COURSE_ID) REFERENCES COURSES(COURSE_ID)
);
INSERT INTO OPTED VALUES
(101,1),
(102,1),
(102,2),
(101,2);
SELECT * FROM OPTED;
INSERT INTO OPTED VALUES (103,1);
SELECT * FROM OPTED;
INSERT INTO OPTED VALUES (104,1);
INSERT INTO OPTED VALUES (101,6);